datapoint_id,type,top1_rmsd,top5_mean_rmsd,top5_min_rmsd,rmsd_under_2A,rmsd_model_0,rmsd_model_1,rmsd_model_2,rmsd_model_3,rmsd_model_4
3LW0_ALLOSTERIC_CCX,allosteric,2.3405270628563732,2.362827768867546,2.220712200940409,False,2.3405270628563732,2.361154961645923,2.464472978373164,2.220712200940409,2.427271640521861
2AX9_ORTHOSTERIC_BHM,orthosteric,0.5721551672122541,0.6337534152581126,0.554621026919158,True,0.5721551672122541,0.554621026919158,0.6999253191212258,0.7382213216928121,0.6038442413451127
2PIO_ORTHOSTERIC_DHT,orthosteric,0.1671807073412191,0.1754907397298949,0.16670166457404523,True,0.1671807073412191,0.17689806561745036,0.16670166457404523,0.1850416369862601,0.18163162413049969
5MO4_ALLOSTERIC_AY7,allosteric,1.2416485002893285,1.126010603655968,0.9083620383766693,True,1.2416485002893285,1.2289810341791414,0.9352478526299415,1.315813592804759,0.9083620383766693
3PE2_ORTHOSTERIC_E1B,orthosteric,1.3874766663390605,1.2397765872488986,0.304076750384455,True,1.3874766663390605,0.304076750384455,1.4384172591741986,1.6131480331485266,1.455764227198253
3K5V_ALLOSTERIC_STJ,allosteric,25.519892842452794,25.467543501558175,25.137912945781707,False,25.519892842452794,25.55553371889239,25.521791039537373,25.60258696112662,25.137912945781707
6FVF_ALLOSTERIC_503,allosteric,15.916576769696409,15.938518714491451,15.81729960635822,False,15.916576769696409,15.81729960635822,16.012165374503958,16.054836137760798,15.891715684137862
2E9N_ORTHOSTERIC_76A,orthosteric,0.9884859624103975,0.945045042159907,0.8112460464536911,True,0.9884859624103975,0.8112460464536911,1.1919364064783895,0.8928149008323792,0.8407418946246771
4YPQ_ALLOSTERIC_4F1,allosteric,0.32850120904973784,0.2891844685669068,0.26767533724178555,True,0.32850120904973784,0.26767533724178555,0.27227446322590193,0.2906227373300168,0.2868485959870919
1JQH_ORTHOSTERIC_ANP,orthosteric,1.6490874734550762,1.4915032646181374,1.2235430502279607,True,1.6490874734550762,1.2235430502279607,1.4559660711053148,1.5738336777792508,1.555086050523084
