datapoint_id,type,top1_rmsd,top5_mean_rmsd,top5_min_rmsd,rmsd_under_2A,rmsd_model_0,rmsd_model_1,rmsd_model_2,rmsd_model_3,rmsd_model_4
3K5V_ALLOSTERIC_STJ,allosteric,25.03929146861939,25.27550466442255,25.03929146861939,False,25.03929146861939,25.60258696112662,25.18679402394895,25.050406190598245,25.498444677819545
6FVF_ALLOSTERIC_503,allosteric,15.891715684137862,16.34630241936301,15.891715684137862,False,15.891715684137862,15.976250558225589,16.153931058995884,16.083082482859563,17.626532312596158
