datapoint_id,type,top1_rmsd,top5_mean_rmsd,top5_min_rmsd,rmsd_under_2A,rmsd_model_0,rmsd_model_1,rmsd_model_2,rmsd_model_3,rmsd_model_4
2E9N_ORTHOSTERIC_76A,orthosteric,1.1919364064783895,0.9450450421599068,0.8112460464536911,True,1.1919364064783895,0.8112460464536911,0.8407418946246771,0.8928149008323792,0.9884859624103975
5MO4_ALLOSTERIC_AY7,allosteric,0.9352478526299415,1.126010603655968,0.9083620383766693,True,0.9352478526299415,1.315813592804759,1.2289810341791414,0.9083620383766693,1.2416485002893285
3K5V_ALLOSTERIC_STJ,allosteric,25.60258696112662,25.467543501558175,25.137912945781707,False,25.60258696112662,25.55553371889239,25.519892842452794,25.521791039537373,25.137912945781707
1JQH_ORTHOSTERIC_ANP,orthosteric,1.555086050523084,1.4915032646181374,1.2235430502279607,True,1.555086050523084,1.4559660711053148,1.5738336777792508,1.2235430502279607,1.6490874734550762
3LW0_ALLOSTERIC_CCX,allosteric,2.464472978373164,2.362827768867546,2.220712200940409,False,2.464472978373164,2.361154961645923,2.3405270628563732,2.220712200940409,2.427271640521861
