datapoint_id,type,top1_rmsd,top5_mean_rmsd,top5_min_rmsd,rmsd_under_2A,rmsd_model_0,rmsd_model_1,rmsd_model_2,rmsd_model_3,rmsd_model_4
3LW0_ALLOSTERIC_CCX,allosteric,2.4344577987682534,2.5123445843096,2.319112354409443,False,2.4344577987682534,2.4680705122078166,2.572031036840657,2.7680512193218294,2.319112354409443
2AX9_ORTHOSTERIC_BHM,orthosteric,0.6223956656812313,0.6294096835871624,0.5721551672122541,True,0.6223956656812313,0.5721551672122541,0.5870914617265787,0.5953553424488714,0.7700507808668765
2PIO_ORTHOSTERIC_DHT,orthosteric,0.14228152535494207,0.1626856792373817,0.14228152535494207,True,0.14228152535494207,0.15919047019799665,0.18646514556450033,0.15835853019420199,0.1671327248752674
5MO4_ALLOSTERIC_AY7,allosteric,0.8964247305532713,1.0058074560189578,0.8942801819085092,True,0.8964247305532713,0.9352478526299415,0.8942801819085092,1.3238236286081166,0.97926088639495
3PE2_ORTHOSTERIC_E1B,orthosteric,1.4505330631252367,1.3729390003082504,1.2831835338963924,True,1.4505330631252367,1.4875554053017102,1.2831835338963924,1.357880179151041,1.2855428200668728
3K5V_ALLOSTERIC_STJ,allosteric,25.44039987905628,25.323439021552513,25.07763326018605,False,25.44039987905628,25.406237270304743,25.479668732763038,25.21325596545246,25.07763326018605
6FVF_ALLOSTERIC_503,allosteric,15.751887018340748,15.881405958867003,15.751887018340748,False,15.751887018340748,15.775000811415708,15.986767990031861,15.891715684137862,16.001658290408844
2E9N_ORTHOSTERIC_76A,orthosteric,0.6732265970134411,0.8489858667941812,0.6732265970134411,True,0.6732265970134411,0.8302960635304156,1.1919364064783895,0.7960206029111151,0.7534496640375451
4YPQ_ALLOSTERIC_4F1,allosteric,0.3174380116922733,0.31081919517729767,0.25090623794217765,True,0.3174380116922733,0.25090623794217765,0.2959362188440321,0.33106456128653555,0.35875094612146974
1JQH_ORTHOSTERIC_ANP,orthosteric,1.4556304954473887,1.452802469937621,1.297848206390535,True,1.4556304954473887,1.4604449245953304,1.4944150689029991,1.297848206390535,1.555673654351852
